Country,Name,Name2,GDP Per Capita,PV Capacity Per Capita
China,CHN,CHN,4.11231,-0.34245
United States,USA,USA,4.90866,-0.1435
India,IND,IND,3.40314,-1.45709
Germany,DEU,DEU,4.7386,0.00422
Japan,JPN,JPN,4.52938,0.03987
Spain,ESP,ESP,4.52496,-0.11412
Australia,AUS,AUS,4.8133,0.34934
Mexico,MEX,MEX,4.14179,-0.808
Brazil,BRA,BRA,4.0161,-0.54667
Chile,CHL,CHL,4.23216,-1.21546
Turkey,TUR,TUR,4.1263,-0.46131
Italy,ITA,ITA,4.59414,0.11757
United Kingdom,GBR,GBR,4.69849,-0.68883
France,FRA,FRA,4.65031,-0.4309
Viet Nam,VNM,VNM,3.63582,-0.82097
South Africa,ZAF,ZAF,3.78062,-0.2904
Korea,KOR,KOR,4.55235,-0.32054
Ukraine,UKR,UKR,3.71093,-1.34608
United Arab Emirates,ARE,ARE,4.69767,-1.19651
Egypt,EGY,EGY,3.53867,-1.61366
Thailand,THA,,3.85704,-0.54325
Netherlands,NLD,,4.80288,0.04649
Canada,CAN,,4.73416,-0.61898
Romania,ROU,,4.26113,-0.7924
Hungary,HUN,,4.34695,-0.2821
Argentina,ARG,,4.15418,-1.25167
Denmark,DNK,,4.83279,-0.74898
Czech Republic,CZE,,4.5019,-0.57895
Bulgaria,BGR,,4.20012,-0.22378
Russian Federation,RUS,,4.15104,-1.49958
Portugal,PRT,,4.44145,-0.10468
Saudi Arabia,SAU,,4.55819,-1.28468
Greece,GRC,,4.36817,-0.25416
Pakistan,PAK,,3.13364,-0.99713
Philippines,PHL,,3.58025,-1.4299
Malaysia,MYS,,4.05637,-0.55611
Israel,ISR,,4.71603,-0.36978
Qatar,QAT,,4.91284,-0.83504
Kazakhstan,KAZ,,4.1099,-1.4657
Belgium,BEL,,4.74266,0.02084
Peru,PER,,3.89694,-1.84484
Cambodia,KHM,,3.38556,-2.58418
Honduras,HND,,3.50886,-0.9234
Morocco,MAR,,3.58135,-1.09051
Jordan,JOR,,3.64993,-0.17285
Poland,POL,,4.34528,-0.79159
Slovakia,SVK,,4.3912,-0.62286
El Salvador,SLV,,3.72961,-1.0197
Algeria,DZA,,3.73001,-1.42301
Austria,AUT,,4.75266,-0.07182
Belarus,BLR,,3.89745,-1.61889
Panama,PAN,,4.27409,-0.8235
Switzerland,CHE,,5.0027,-0.06808
Dominican Republic,DOM,,4.02655,-0.60548
Moldova,MDA,,3.83248,-1.52345
Mongolia,MNG,,3.76631,-1.51628
Iran,IRN,,3.70323,-2.09554
Singapore,SGP,,4.93152,0.02997
Lebanon,LBN,,3.5413,0.02777
Kuwait,KWT,,4.53245,-0.81307
Uruguay,URY,,4.36209,-0.95855
Macedonia,MKD,,3.93824,-0.29844
Guatemala,GTM,,3.7603,-1.61666
Namibia,NAM,,3.62197,-0.82042
Senegal,SEN,,3.22995,-2.37161
Indonesia,IDN,,3.68809,-1.75911
Laos,LAO,,3.31533,-1.98747
Costa Rica,CRI,,4.22897,-0.81976
Cyprus,CYP,,4.56376,-0.35032
Sri Lanka,LKA,,3.57966,-1.01034
Bolivia,BOL,,3.63091,-1.82331
Kenya,KEN,,3.28838,-1.80757
Sweden,SWE,,4.73997,-0.55238
Slovenia,SVN,,4.51402,-0.08195
Uzbekistan,UZB,,3.45924,-1.05676
Botswana,BWA,,3.89356,-1.01639
Armenia,ARM,,3.91164,-0.76594
Mauritania,MRT,,3.32956,-2.32306
Zambia,ZMB,,3.12409,-1.5326
Lithuania,LTU,,4.44383,-0.36453
Colombia,COL,,3.84515,-1.49903
Bangladesh,BGD,,3.40671,-2.50969
Ghana,GHA,,3.37729,-1.65091
Afghanistan,AFG,,2.61675,-1.95875
Iraq,IRQ,,3.77563,-1.38256
Nigeria,NGA,,3.33016,-2.09341
Malta,MLT,,4.61178,0.41122
Bosnia and Herzegovina,BIH,,3.93767,-2.02515
Burkina Faso,BFA,,2.94125,-1.87938
Croatia,HRV,,4.34604,-0.51883
Albania,ALB,,3.98815,-0.87465
Estonia,EST,,4.48093,-0.89321
Tunisia,TUN,,3.59672,-1.26154
Norway,NOR,,4.94199,-0.6993
New Zealand,NZL,,4.69087,-0.6738
New Caledonia,NCL,,4.52765,
Azerbaijan,AZE,,3.85327,-1.97831
Madagascar,MDG,,2.70648,-2.22585
Myanmar,MMR,,3.09103,-1.80814
Serbia,SRB,,4.08926,-1.02935
Uganda,UGA,,3.001,-2.7487
Paraguay,PRY,,3.79934,-0.94418
Ecuador,ECU,,3.82852,-1.79002
Finland,FIN,,4.72292,-1.09572
Venezuela,VEN,,3.5584,-1.77068
Zimbabwe,ZWE,,3.34148,-1.60604
Ireland,IRL,,5.02865,-1.04792
Nicaragua,NIC,,3.41655,-2.03169
Somalia,SOM,,2.77589,-3.10056
Rwanda,RWA,,3.01159,-2.61175
Mali,MLI,,3.01868,-1.76517
Luxembourg,LUX,,5.1246,-0.68637
Georgia,GEO,,3.91822,-0.99876
Oman,OMN,,4.32279,
Kyrgyzstan,KGZ,,3.33005,-1.3855
Niger,NER,,2.80505,-2.41526
Tanzania,TZA,,3.08778,-2.47727
Turkmenistan,TKM,,3.79462,-1.56445
Libya,LBY,,3.78007,-1.56996
Côte d’Ivoire,CIV,,3.41363,-2.22556
Suriname,SUR,,3.74209,-1.43924
Tajikistan,TJK,,3.07132,-1.78418
Angola,AGO,,3.46481,-2.46471
Ethiopia,ETH,,3.02359,-2.90771
Congo,COD,,2.81968,-2.83007
Latvia,LVA,,4.35622,-1.09207
Haiti,HTI,,3.23192,-1.89467
Sudan,SDN,,2.90161,-2.69958
Mozambique,MOZ,,2.79379,-2.45464
Chad,TCD,,2.97742,-2.1742
Benin,BEN,,3.14432,-2.04728
Togo,TGO,,3.02326,-1.94822
Nepal,NPL,,3.14061,-2.5765
Montenegro,MNE,,4.08849,-0.81733
Cameroon,CMR,,3.23565,-2.48235
Swaziland,SWZ,,3.57467,-1.16277
Malawi,MWI,,2.80155,-2.58065
San Marino,SMR,,4.77728,
Liberia,LBR,,2.90265,-1.93888
Congo,COG,,3.3941,-2.20167
Djibouti,DJI,,3.52908,
Lesotho,LSO,,2.96203,-1.79826
Belize,BLZ,,3.87068,-1.18053
Central African Republic,CAF,,2.69546,-2.31178
Sierra Leone,SLE,,2.87986,-2.62662
Gabon,GAB,,3.89225,-2.1388
Papua New Guinea,PNG,,3.47218,-2.77333
Iceland,ISL,,4.91455,-1.34712
Brunei,BRN,,4.51707,-1.43242
Guinea,GIN,,3.19187,-3.0115
Guinea-Bissau,GNB,,2.9948,-2.75585
Equatorial Guinea,GNQ,,3.82463,-3.1654
Guyana,GUY,,4.3112,-3.39854